Name,URL,Description,Type,Email,Phone
Aduki Press,http://www.aduki.net.au/,"Aduki is an independent publishers specialising in animal free cook books and guides but all keen and interested in politics, technology, social justice, the environment and much more. Of note, they publish the excellent Australian Veg Food Guide.",Publishing,info@aduki.net.au, (03) 8300 0233
Arbonne (Stefani Haralambous),http://stefaniharalambous.myarbonne.com.au/,"Vegan makeup, beauty products, vitamins and protein powders.",Shopping,"stefaniharalambous@myarbonne.com.au"
Bed and Broccoli,http://www.bedandbroccoli.com.au/,"Victoria's first vegan bed and breakfast retreat, in beautiful Katandra West, just outside Shepparton, Victoria, in the heart of the Goulburn Valley.",Bed & Breakfast,info@bedandbroccoli.com.au,(03) 5828 3498
Bonnie Blewitt,http://www.facebook.com/bonnie.blewitt,"Trapeze artist, contortionist and hula hoop performer.",Entertainment,"",""
Birthday Cake Shop,http://www.birthdaycakeshop.com.au,"Not all vegan, but have a good selection of vegan sorbet icecream cakes. Hard to figure out from their website, so maybe give them a call.","Cakes",info@birthdaycakeshop.com.au,(02) 9836 4444
Caketastic,http://caketastic.net.au,"A home based business specialising in making vegan and gluten free cakes, slices and cakepops","Cakes",faye@caketastic.net.au,"(03) 9570 5793"
Dr Helen's Dental Studio,http://drhelen.com.au/,"Dr Helen's Dental Studio is a centre for dental implants and cosmetic dentistry. She mostly performs surgical implant-related  procedures, including implants and grafting procedures. Whenever available, only non-animal derived graft materials are used and she stay at the forefront of new research to adopt cruelty free products.",Dentist,contact@drhelen.com.au,(03) 9510 5597
Ethical Bride,http://www.ethicalbride.com/,"A resource for to be vegan brides to find cruelty free wedding suppliers in Australia.",info@ethicalbride.com,0420 988 185
Embalm Skincare,http://embalmskincare.com.au/,"Natural vegan skincare products. Online store.","Beauty","Mel@EmbalmSkincare.com.au",0408 370 553
Friends of the Earth,http://www.melbourne.foe.org.au/,"Community-based activist organisation that among other things runs a cafe/grocery that also sells clothes, shoes, books and other vegan goodness.",Shopping,"",""
Happier Pets (Belinda Morris),http://www.happierpets.com.au/,"Vegan treats for dogs and cats, and animal minding in Altona, Point Cook, and Hoppers Crossing area.",Pet service,"",0428 617 311
Melbourne Vegan Strength,http://www.veganstrength.org/,"Melbourne Vegan Strength (MVS) is an informal training crew formed to show how easy it is to be vegan and gain huge amounts of strength. The crew was started by a few aspiring powerlifters tired of hearing ignorant opinions about veganism, such as that you canâ€™t be strong without eating meat and other animal products.",Fitness,"",""
Metta Scents,http://mettascents.com,"Sells ethical, sustainably produced vegan incense from all over the word.",Gift,"",""
Mii Maa,http://www.miimaa.com/,"A professional luxury mineral makeup range that is all vegan, cruelty free, gluten free, halal friendly, nano free and organic. 100% Australian made and owned.",Cosmetics,"",""
Mister Nice Guy Cupcakes,http://www.misterniceguy.com.au/,Vegan cupcakes!!! Delivered to your door.,Cupcakes,hello@mistericeguy.com.au,""
Otis Beanery,http://www.otisbeanery.com/melbourne-workshops.html,"Vegan cooking school that teaches a wide range of culinary techniques and styles focussing on the fresh and healthy. Although based in Hobart there are occasional classes in Melbourne.",Cooking,info@otisbeanery.com,"(03) 6228 2359"
Riversdale Hairworks,http://www.facebook.com/RiversdaleHairworks,"Riversdale Hairworks is a new salon with all of your hairdressing needs. Including cuts, colour, perms, straightening services etc. We use only De Lorenzo products, which are all vegan, plant-based, and made in Australia. All ingredients are also sourced in Australia.",Hair Dresser,riversdalehairworks@gmail.com,(03) 9830 4035
Shoe Me Gorgeous Australia,https://www.shoemegorgeous.com/search.php?search_query=vegan,"Shoe Me Gorgeous is an online shoe store that sells a large selection of vegan friendly women's shoes, high heels and boots. We also have a great selection of vegan friendly men's boots and creepers. You can also buy vegan friendly Kardashian Kollection bags online from us. We ship Australia Wide.",Shoes,info@shoemegorgeous.com,1300 00 7463
Tall Poppies Stilt Walkers,http://www.tallpoppiestheatre.com.au,"This 'animal free' circus has performed in 570 cities and towns worldwide. Beautiful roving acts performed by professional puppeteers and dancers. Choose from a friendly 3 metre Preying Mantis, graceful and colourful Butterflies, Salvador Dali style Elephants, and also many non-animal acts. Click on our name for photos and videos.",Entertainment,tallpoppiestheatre@gmail.com,""
Tinkernicks,http://www.tinkernicks.com/,"Vegan cookies! Distributed throughout Melbourne, check their website for locations.",Cookies,tinkernicks@gmail.com,""
World Organic (Angela Rocillo),http://worldorganic.com.au/Angela,"Certified Organic Skincare that is also Vegan certified. Their mission is to offer ethically produced, pure, natural, products of the highest quality; products which are not only good for the people who use them, but also the world in which we live. World Organic is very much a community minded company, who care for the environment and do not test on animals. Angela also does in home pampering sessions for you to try out the products!",Beauty,thescarlettangel@hotmail.com,(03) 9388 8644
Vegan Shoes Australia,http://veganshoesaustralia.com.au/,"100% vegan, sustainable and eco-friendly shoes. 10% of your purchase is donated back to an animal welfare group of your choice.",Clothing,"veganshoesaustralia@gmail.com",""
Vegan Style,http://www.veganstyle.com.au/,Vegan womens shoes.,Clothing,sales@veganstyle.com.au,""
Vegan Tree Owl,http://www.vegantreeowl.com.au,"100% Vegan soap, body butter, body lotion & lip balm. Order online for same day postage of over 80+ varieties of soap scents & a huge range of balms, lotions & body butter scents.",Soap,sales@vegantreeowl.com.au,(03) 8370 5315
Vegan Wares,http://veganwares.com,"Vegan footware and accessories: shoes, belts, and wallets.",Clothing,"",""
Vegan Web Design,http://www.veganwebdesign.com.au/,"Websites with a conscience. Website solutions exclusively for vegetarian, vegan and other ethical businesses.",Web Design,"dave@veganwebdesign.com.au","0408 531 767"
The Personal Vegan Shop,http://thepersonalvegan.com.au/,"The Personal Vegan Shop sells cruelty-free, vegan, palm oil free, eco, fairtrade and healthy bathroom and bedroom products.",Shop,"aaron@thepersonalvegan.com.au"
